{
  "test/integration/FirstJourney.js": 1735562715387,
  "test/testsuite.qunit.js": 1735562715319,
  "test/integration/pages/RisksList.js": 1735562715359,
  "test/integration/opaTests.qunit.js": 1735562715339,
  "i18n/i18n.properties": 1735562747723,
  "test/integration/pages/RisksObjectPage.js": 1735562715359,
  "xs-app.json": 1736164119980,
  "manifest.json": 1735639399947,
  "Component.js": 1735562715199,
  "test/integration/pages/RisksList-dbg.js": 1735562715359,
  "test/integration/pages/RisksList.js.map": 1736164129538,
  "test/testsuite.qunit-dbg.js": 1735562715319,
  "test/testsuite.qunit.js.map": 1736164129534,
  "test/integration/opaTests.qunit-dbg.js": 1735562715339,
  "test/integration/opaTests.qunit.js.map": 1736164129536,
  "test/integration/FirstJourney-dbg.js": 1735562715387,
  "test/integration/FirstJourney.js.map": 1736164129538,
  "test/integration/pages/RisksObjectPage-dbg.js": 1735562715359,
  "test/integration/pages/RisksObjectPage.js.map": 1736164129538,
  "Component-dbg.js": 1735562715199,
  "Component.js.map": 1736164129539,
  "Component-preload.js": 1736164129766,
  "Component-preload.js.map": 1736164129766,
  "test/integration/opaTests.qunit.html": 1735562715339,
  "test/testsuite.qunit.html": 1735562715303,
  "test/flpSandbox.html": 1735562715299,
  "index.html": 1735562715199
}